[
  {
    "model": "optics.brand",
    "pk": 1,
    "fields": {
      "name": "LORA LETI"
    }
  },
  {
    "model": "optics.brand",
    "pk": 2,
    "fields": {
      "name": "BELLA VIVA"
    }
  },
  {
    "model": "optics.brand",
    "pk": 3,
    "fields": {
      "name": "COMPUTRON"
    }
  },
  {
    "model": "optics.brand",
    "pk": 4,
    "fields": {
      "name": "UNI-MAX"
    }
  },
  {
    "model": "optics.category",
    "pk": 1,
    "fields": {
      "name": "Оправы",
      "description": "Оправы",
      "is_published": true,
      "active_on_main_page": true
    }
  },
  {
    "model": "optics.category",
    "pk": 2,
    "fields": {
      "name": "Линзы",
      "description": "Линзы",
      "is_published": true,
      "active_on_main_page": false
    }
  },
  {
    "model": "optics.product",
    "pk": 1,
    "fields": {
      "brand": 1,
      "name": "8258 c1",
      "description": "Оправа товарного знака Lora Leti",
      "price": "11200.00",
      "image": "products/LORA-LETI-8258-c1_Qw670Z5.webp",
      "created_at": "2024-12-14T15:36:47.251Z",
      "update_at": "2024-12-14T19:32:38.511Z",
      "category": 1,
      "owner": null,
      "parameter": "52-18-138 мм",
      "is_published": true
    }
  },
  {
    "model": "optics.product",
    "pk": 2,
    "fields": {
      "brand": 1,
      "name": "YJ0062 c2",
      "description": "Оправа товарного знака Lora Leti",
      "price": "10900.00",
      "image": "products/LORA-LETI-YJ0062-c2.webp",
      "created_at": "2024-12-14T16:03:29.130Z",
      "update_at": "2024-12-14T19:37:10.057Z",
      "category": 1,
      "owner": null,
      "parameter": "51-19-142 мм",
      "is_published": true
    }
  },
  {
    "model": "optics.product",
    "pk": 3,
    "fields": {
      "brand": 1,
      "name": "8258 c2",
      "description": "Оправа товарного знака Lora Leti",
      "price": "11200.00",
      "image": "products/LORA-LETI-8258-c2.webp",
      "created_at": "2024-12-14T16:05:04.030Z",
      "update_at": "2024-12-14T19:36:22.757Z",
      "category": 1,
      "owner": null,
      "parameter": "52-18-138 мм",
      "is_published": true
    }
  },
  {
    "model": "optics.product",
    "pk": 4,
    "fields": {
      "brand": 1,
      "name": "NS 21045 c5",
      "description": "Оправа товарного знака Lora Leti",
      "price": "11900.00",
      "image": "products/LORA-LETI-NS-21045-c5.webp",
      "created_at": "2024-12-14T16:07:37.449Z",
      "update_at": "2024-12-14T19:37:02.657Z",
      "category": 1,
      "owner": null,
      "parameter": "45-22-140 мм",
      "is_published": true
    }
  },
  {
    "model": "optics.product",
    "pk": 5,
    "fields": {
      "brand": 1,
      "name": "3673 c3",
      "description": "Оправа товарного знака Lora Leti",
      "price": "10900.00",
      "image": "products/LORA-LETI-3673-c3.webp",
      "created_at": "2024-12-14T16:09:38.256Z",
      "update_at": "2024-12-14T19:32:23.211Z",
      "category": 1,
      "owner": null,
      "parameter": "55-17-140 мм",
      "is_published": true
    }
  },
  {
    "model": "optics.product",
    "pk": 6,
    "fields": {
      "brand": 1,
      "name": "M2682 c9",
      "description": "Оправа товарного знака Lora Leti",
      "price": "8960.00",
      "image": "products/LORA-LETI-M2682-c9.webp",
      "created_at": "2024-12-14T16:11:55.107Z",
      "update_at": "2024-12-14T19:36:34.143Z",
      "category": 1,
      "owner": null,
      "parameter": "52-18-140 мм",
      "is_published": true
    }
  },
  {
    "model": "optics.product",
    "pk": 7,
    "fields": {
      "brand": 2,
      "name": "XC62119 c5",
      "description": "Оправа товарного знака BELLA VIVA",
      "price": "7840.00",
      "image": "products/BELLA-VIVA-XC62119-c5.webp",
      "created_at": "2024-12-14T16:15:27.859Z",
      "update_at": "2024-12-14T19:32:09.265Z",
      "category": 1,
      "owner": null,
      "parameter": "55-17-140 мм",
      "is_published": true
    }
  },
  {
    "model": "optics.product",
    "pk": 8,
    "fields": {
      "brand": 3,
      "name": "HMC EMI UV N=1,56 D70мм (0,00… -4,00)",
      "description": "Стигматические полимерные линзы COMPUTRON\r\n\r\nХарактеристики:\r\n\r\nКоэффициент преломления 1.56\r\nЧисло АББЕ 38\r\nСветопропускание 98,5%\r\nЗащита от УФ излучения 380 нм\r\nМногослойное металлизированное, упрочняющее, гидрофобное, антибликовое покрытие (остаточный рефлекс — зеленый)",
      "price": "900.00",
      "image": "products/IMG_5876.webp",
      "created_at": "2024-12-14T16:19:21.638Z",
      "update_at": "2024-12-14T19:37:37.353Z",
      "category": 2,
      "owner": null,
      "parameter": null,
      "is_published": true
    }
  },
  {
    "model": "optics.product",
    "pk": 9,
    "fields": {
      "brand": 3,
      "name": "HMC EMI UV N=1,56 D70мм (-4,25… -6,00)",
      "description": "Стигматические полимерные линзы COMPUTRON\r\n\r\nХарактеристики:\r\n\r\nКоэффициент преломления 1.56\r\nЧисло АББЕ 38\r\nСветопропускание 98,5%\r\nЗащита от УФ излучения 380 нм\r\nМногослойное металлизированное, упрочняющее, гидрофобное, антибликовое покрытие (остаточный рефлекс — зеленый)",
      "price": "1000.00",
      "image": "products/IMG_5876_LQcL2dG.webp",
      "created_at": "2024-12-14T16:20:40.590Z",
      "update_at": "2024-12-14T19:37:47.696Z",
      "category": 2,
      "owner": null,
      "parameter": null,
      "is_published": true
    }
  },
  {
    "model": "optics.product",
    "pk": 10,
    "fields": {
      "brand": 4,
      "name": "As HMC EMI UV Blue block N=1,56 D70мм (+0,5…+4,0)",
      "description": "Асферические полимерные линзы с многослойным покрытием.\r\n\r\nХарактеристики:\r\n\r\nКоэффициент преломления 1.61\r\nУпрочняющее покрытие (8H)\r\nБлокирует пропускание коротких волн света синего спектра\r\nЗащита от УФ излучения до 420 нм\r\nЗащита от электро-магнитного излучения\r\nМногослойное гидрофобное, антистатическое, антибликовое покрытие (остаточный рефлекс — зеленый)",
      "price": "2200.00",
      "image": "products/Uni-Max-2.webp",
      "created_at": "2024-12-14T16:24:27.712Z",
      "update_at": "2024-12-14T19:38:09.622Z",
      "category": 2,
      "owner": null,
      "parameter": null,
      "is_published": true
    }
  },
  {
    "model": "optics.service",
    "pk": 1,
    "fields": {
      "name": "Подбор контактных линз (18+)",
      "description": "Процедура для взрослых занимает 30-40 минут и включает в себя:\r\nСбор анамнеза.\r\nПроверка на авторефрактометре (компьютерная диагностика).\r\nПроверка зрения с помощью тестов.\r\nИсследование характера зрения.\r\nОбсуждение ваших зрительных потребностей.\r\nПримерка пробной пары контактных линз.\r\nОценка посадки линз.\r\nОбучение манипуляция с линзами, а также уходу за ними (если вы ранее не носили линзы).\r\nКонсультации по режиму ношения и посещению офтальмолога.\r\nЗаполнение компьютерной карты пациента.",
      "price": "1500.00",
      "duration": null,
      "image": "products/i10.png",
      "is_published": true,
      "medic": [
        4
      ]
    }
  },
  {
    "model": "optics.service",
    "pk": 2,
    "fields": {
      "name": "Рецепт на очки (18+)",
      "description": "Проверка зрения для подбора очков занимает 25-30 минут и включает в себя:\r\nОбсуждение истории заболевания\r\nПроверка на авторефрактометре (компьютерная диагностика)\r\nПроверка очков пациента на диоптриметре*\r\nПроверка остроты зрения с помощью тестов\r\nОпределение полной и переносимой коррекции в пробной оправе\r\nИсследование характера зрения, фории, аккомодации и конвергенции (при необходимости)\r\nОбсуждение зрительных потребностей пациента\r\nПрезентация рекомендуемых очковых линз\r\nЗаполнение компьютерной карты пациента и выписка необходимых рецептов",
      "price": "1500.00",
      "duration": null,
      "image": "products/i9.png",
      "is_published": true,
      "medic": [
        4,
        5
      ]
    }
  },
  {
    "model": "optics.service",
    "pk": 3,
    "fields": {
      "name": "Проверка зрения детям",
      "description": "Сбор анамнеза ребенка (история рождения, особенности раннего развития, у каких специалистов наблюдается).\r\nВид и степень нарушения зрения. Принесите с собой предыдущее заключение офтальмолога, а также расскажите врачу о коррекции, которой в данный момент пользуется ребенок. Захватите с собой очки его или рецепт на них и/или на контактные линзы.\r\nОсмотр передней поверхности глаз.\r\nКомпьютерная авторефрактокератометрия.\r\nИзмерение расстояния между оптическими центрами обоих глаз.\r\nТест на выявление явного или скрытого косоглазия.\r\nОпределение остроты зрения вдаль и вблизи. Проводится сначала без использования средств коррекции, а затем с помощью очков или контактных линз, которые носит ребенок.\r\nИсследование максимальной субъективной коррекции вдаль для каждого глаза отдельно по тестовым таблицам . Проводится с помощью пробной оправы и очковых линз из пробного набора.\r\nИсследование состояния характера зрения, мышечного баланса, аккомодации, конвергенции. При необходимости могут проводиться дополнительные тесты.\r\nЦиклоплегия. Врач дважды закапывает специальные капли, которые расширяют зрачок и позволяют провести осмотр глазного дна. Для этого исследования используются современные препараты короткого действия, поэтому глаза ребенока быстро вернутся к исходному состоянию. Через 30-40 минут врач проводит повторную авторефрактокератометрия, а также обследует глазное дно. В некоторых случаях применяются дополнительные тесты с диафрагмами.\r\nПодбор средств коррекции. После циклоплегии детский офтальмолог подбирает очки, учитывая зрительные потребности ребенка,а также переносимость очков. Врач дает рекомендации родителям по режиму режим ношения очков, а также может посоветовать определенные тип и дизайн очковых линз.\r\nВыписка рецепта.\r\nДополнительные рекомендации по аппаратному лечению, использованию тренажеров, компьютерных программ.",
      "price": "2000.00",
      "duration": null,
      "image": "products/i12.png",
      "is_published": true,
      "medic": [
        4
      ]
    }
  },
  {
    "model": "optics.service",
    "pk": 4,
    "fields": {
      "name": "Экспресс-диагностика зрения",
      "description": "Специалист бесплатно проверит зрение в очках и без них и даст свои рекомендации.\r\n\r\nОсмотр включает:\r\n\r\nкраткий анамнез\r\nавторефрактометрию (проверка зрения на специальном компьютерном оборудовании)\r\nопределение остроты зрения в ваших очках или линзах\r\nпроверку очков пациента на диоптриметре\r\nконсультацию по дальнейшему обследованию",
      "price": "500.00",
      "duration": null,
      "image": "products/i11.png",
      "is_published": true,
      "medic": [
        4,
        5
      ]
    }
  },
  {
    "model": "appointment.eye",
    "pk": 1,
    "fields": {
      "sph": "-2.75",
      "cyl": null,
      "ax": null,
      "pr": null,
      "bas": null,
      "dp": null,
      "add": null
    }
  },
  {
    "model": "appointment.eye",
    "pk": 2,
    "fields": {
      "sph": "1.75",
      "cyl": null,
      "ax": null,
      "pr": null,
      "bas": null,
      "dp": null,
      "add": null
    }
  },
  {
    "model": "appointment.eye",
    "pk": 3,
    "fields": {
      "sph": "-1.75",
      "cyl": null,
      "ax": null,
      "pr": null,
      "bas": null,
      "dp": null,
      "add": null
    }
  },
  {
    "model": "appointment.eye",
    "pk": 4,
    "fields": {
      "sph": "-2.75",
      "cyl": null,
      "ax": null,
      "pr": null,
      "bas": null,
      "dp": null,
      "add": null
    }
  },
  {
    "model": "appointment.resultofservice",
    "pk": 1,
    "fields": {
      "od": 1,
      "os": 2,
      "recommendations": "hrhffh jdjkdfkj",
      "comment": "",
      "created_at": "2025-01-04T20:19:49.122Z",
      "update_at": "2025-01-04T20:19:49.122Z"
    }
  },
  {
    "model": "appointment.resultofservice",
    "pk": 2,
    "fields": {
      "od": 4,
      "os": 3,
      "recommendations": "",
      "comment": "",
      "created_at": "2025-01-04T21:05:37.624Z",
      "update_at": "2025-01-04T21:05:37.625Z"
    }
  },
  {
    "model": "appointment.appointment",
    "pk": 1,
    "fields": {
      "day": "2025-01-15",
      "time": "14:00:00",
      "comment": null,
      "owner": 3,
      "service": 3,
      "medic": 4,
      "result": 1
    }
  },
  {
    "model": "appointment.appointment",
    "pk": 2,
    "fields": {
      "day": "2025-01-05",
      "time": "23:50:00",
      "comment": null,
      "owner": 3,
      "service": 2,
      "medic": 5,
      "result": 2
    }
  },
  {
    "model": "appointment.appointment",
    "pk": 4,
    "fields": {
      "day": "2025-01-07",
      "time": "00:05:00",
      "comment": null,
      "owner": 3,
      "service": 3,
      "medic": 4,
      "result": null
    }
  },
  {
    "model": "appointment.appointment",
    "pk": 5,
    "fields": {
      "day": "2025-01-08",
      "time": "13:30:00",
      "comment": null,
      "owner": 3,
      "service": 4,
      "medic": 4,
      "result": null
    }
  },
  {
    "model": "appointment.schedule",
    "pk": 1,
    "fields": {
      "day": "2025-01-17",
      "begin_time": "10:00:00",
      "end_time": "13:00:00",
      "is_working_day": true,
      "medic": 4
    }
  },
  {
    "model": "appointment.schedule",
    "pk": 2,
    "fields": {
      "day": "2025-01-18",
      "begin_time": "10:00:00",
      "end_time": "16:00:00",
      "is_working_day": false,
      "medic": 4
    }
  },
  {
    "model": "appointment.schedule",
    "pk": 11,
    "fields": {
      "day": "2025-01-19",
      "begin_time": "10:00:00",
      "end_time": "16:00:00",
      "is_working_day": false,
      "medic": 4
    }
  },
  {
    "model": "appointment.schedule",
    "pk": 12,
    "fields": {
      "day": "2025-01-20",
      "begin_time": "10:00:00",
      "end_time": "16:00:00",
      "is_working_day": true,
      "medic": 4
    }
  },
  {
    "model": "appointment.schedule",
    "pk": 13,
    "fields": {
      "day": "2025-01-21",
      "begin_time": "10:00:00",
      "end_time": "16:00:00",
      "is_working_day": true,
      "medic": 4
    }
  },
  {
    "model": "appointment.schedule",
    "pk": 14,
    "fields": {
      "day": "2025-01-22",
      "begin_time": "10:00:00",
      "end_time": "16:00:00",
      "is_working_day": true,
      "medic": 4
    }
  },
  {
    "model": "appointment.schedule",
    "pk": 15,
    "fields": {
      "day": "2025-01-23",
      "begin_time": "10:00:00",
      "end_time": "16:00:00",
      "is_working_day": true,
      "medic": 4
    }
  },
  {
    "model": "appointment.schedule",
    "pk": 16,
    "fields": {
      "day": "2025-01-24",
      "begin_time": "10:00:00",
      "end_time": "16:00:00",
      "is_working_day": true,
      "medic": 4
    }
  },
  {
    "model": "appointment.schedule",
    "pk": 17,
    "fields": {
      "day": "2025-01-25",
      "begin_time": "10:00:00",
      "end_time": "16:00:00",
      "is_working_day": false,
      "medic": 4
    }
  },
  {
    "model": "appointment.schedule",
    "pk": 18,
    "fields": {
      "day": "2025-01-07",
      "begin_time": "10:00:00",
      "end_time": "16:00:00",
      "is_working_day": false,
      "medic": 5
    }
  },
  {
    "model": "appointment.schedule",
    "pk": 19,
    "fields": {
      "day": "2025-01-08",
      "begin_time": "10:00:00",
      "end_time": "16:00:00",
      "is_working_day": true,
      "medic": 5
    }
  },
  {
    "model": "appointment.schedule",
    "pk": 20,
    "fields": {
      "day": "2025-01-09",
      "begin_time": "10:00:00",
      "end_time": "16:00:00",
      "is_working_day": true,
      "medic": 5
    }
  },
  {
    "model": "appointment.schedule",
    "pk": 21,
    "fields": {
      "day": "2025-01-10",
      "begin_time": "10:00:00",
      "end_time": "16:00:00",
      "is_working_day": true,
      "medic": 5
    }
  },
  {
    "model": "appointment.schedule",
    "pk": 22,
    "fields": {
      "day": "2025-01-11",
      "begin_time": "11:00:00",
      "end_time": "16:00:00",
      "is_working_day": true,
      "medic": 5
    }
  },
  {
    "model": "appointment.schedule",
    "pk": 23,
    "fields": {
      "day": "2025-01-12",
      "begin_time": "11:00:00",
      "end_time": "16:00:00",
      "is_working_day": true,
      "medic": 5
    }
  },
  {
    "model": "appointment.schedule",
    "pk": 24,
    "fields": {
      "day": "2025-01-13",
      "begin_time": "11:00:00",
      "end_time": "16:00:00",
      "is_working_day": false,
      "medic": 5
    }
  },
  {
    "model": "appointment.schedule",
    "pk": 25,
    "fields": {
      "day": "2025-01-14",
      "begin_time": "11:00:00",
      "end_time": "16:00:00",
      "is_working_day": false,
      "medic": 5
    }
  },
  {
    "model": "appointment.schedule",
    "pk": 26,
    "fields": {
      "day": "2025-01-15",
      "begin_time": "11:00:00",
      "end_time": "16:00:00",
      "is_working_day": true,
      "medic": 5
    }
  },
  {
    "model": "appointment.schedule",
    "pk": 27,
    "fields": {
      "day": "2025-01-16",
      "begin_time": "11:00:00",
      "end_time": "16:00:00",
      "is_working_day": true,
      "medic": 5
    }
  },
  {
    "model": "appointment.schedule",
    "pk": 28,
    "fields": {
      "day": "2025-01-17",
      "begin_time": "11:00:00",
      "end_time": "16:00:00",
      "is_working_day": true,
      "medic": 5
    }
  },
  {
    "model": "blog.blog",
    "pk": 1,
    "fields": {
      "title": "Конъюнктивит. Просто и по полочкам",
      "slug": "konyunktivit-prosto-i-po-polochkam",
      "image": "products/2-_39_.jpg",
      "created_at": "2024-12-22T20:36:35.958Z",
      "update_at": "2024-12-24T19:29:22.652Z",
      "is_published": true,
      "views_counter": 7,
      "content": "Казалось бы, с конъюнктивитом сталкивался практически каждый – либо болел сам, либо слышал от знакомых. Но первый же вопрос «Что такое конъюнктива?», и, если вы не офтальмолог, становится понятно, что ничего непонятно. Что такое конъюнктивит? Конъюнктива в переводе с латинского означает соединяющую оболочку. Эта прозрачная ткань покрывает верхнюю часть глазного яблока и внутреннюю поверхность глаза. В ней содержатся лимфатические и кровеносные сосуды, нервы и железы. Она выполняет множество функций – от защиты от механических повреждений до увлажнения глаза и уничтожения бактерий. Поэтому повреждения конъюнктивы очень негативно сказываются на здоровье глаз. Конъюнктивит — воспаление конъюнктивы и внутренней поверхности век, может быть как хроническим, так и острым. Различают: Вирусный (часто возникает при простудных заболеваниях); Бактериальный (вызван бактериями и отличается чаще всего воспалением одного глаза); Аллергический (появляется вследствие аллергии и отличается воспалением сразу двух глаз). Вирусный и бактериальный конъюнктивиты весьма заразны, они могут передаваться воздушно-капельным путем или через грязные руки. Симптомы конъюнктивита Симптомы отличаются в зависимости от вида конъюнктивита, но можно выделить общие: Гнойные или слизистые выделения; Жжение и зуд; Светобоязнь; Ощущение песка в глазах; Отек и покраснение слизистой. При острой форме заболевание длится в среднем 4 недели, при хронической форме – больше месяца. Причины Самая частая причина конъюнктивита – несоблюдение режима гигиены, но не всегда чистые руки могут уберечь от этой напасти, ведь существует еще ряд причин: Аллергическая реакция; Травмы глаз (механические повреждения, термические и химические ожоги); Вирусные инфекции; Аутоиммунный заболевания; Бактериальные инфекции; Грибковые поражения глаз. Помимо основных причин, благоприятствуют развитию заболевания следующие факторы: Переохлаждение; Неправильное ношение контактных линз; Длительное воздействие УФ-лучей; Длительное напряжение глаз; Несоблюдение личной гигиены; Хронические заболевания; Авитаминоз. Лечение конъюнктивита Оговоримся сразу: никакое самолечение и прикладывание чайных пакетиков на глаза не сделают лучше, возможно даже наоборот! После определения вида и причин конъюнктивита офтальмолог подберет подходяще лечение. Чаще всего назначаются мази и глазные капли с антибиотиками.",
      "owner": null
    }
  },
  {
    "model": "blog.blog",
    "pk": 2,
    "fields": {
      "title": "Поляризационные и антибликовые очки. В чем разница?",
      "slug": "polyarizatsionnyie-i-antiblikovyie-ochki-v-chem-raznitsa",
      "image": "products/132761.text.4815.jpg",
      "created_at": "2024-12-23T19:33:36.679Z",
      "update_at": "2025-01-01T18:50:22.091Z",
      "is_published": true,
      "views_counter": 19,
      "content": "Очки принято разделять на те, что для зрения, и те, что защищают от солнца. Но на самом деле видов оптики куда больше. Сегодня рассказываем о поляризационных и антибликовых очках. В чем заключаются их ключевые преимущества, чем они отличаются друг от друга, и, быть может, вы после этой статьи поймете, что эти очки – именно то, чего вам не хватало для комфорта за рулем или во время прогулки. В чем особенность антибликовых и поляризационных очков? Такие очки – это очки со специальным покрытием, которое улучшает их оптические характеристики и повышают комфорт использования. Антибликовые и поляризационные очки пользуются особой популярностью среди автомобилистов, потому что позволяют видеть более четко и не позволяют солнечным бликам застилать обзор. Давайте поговорим о том, в чем их сходства и различия. Сходства И антибликовые, и поляризационные очки предназначены для спасения от отсветов. Они поддерживают глаза и спасают их от перенапряжения. Более того, и те, и другие очки очень привередливы в хранении: царапины на поверхности снижают их эффективность, поэтому хранить их следует в футляре и регулярно протирать специальной салфеткой. Различия Антибликовые очки Линза с обеих сторон покрывается пленкой или обрабатывается специальным составом; Способны устранить блики от фар встречных автомобилей; Хорошо пропускают свет. Потеря света не превышает 0,6%; У антибликовых очков отсутствует эффект блика линзы, о чем и говорит их название; Снимают напряжение с глаз; Чаще всего они не броские, поэтому их преимуществом можно назвать эстетичность; Обладают «просветляющими» характеристиками, то есть вы получаете чистое и яркое изображение. В чем разница поляризационных и антибликовых очков Поляризационные очки Они создаются из специального материала или, к и в случае с антибликовых очками, используется пленка, но уже с фильтрующими свойствами; Более популярны среди людей, занимающимися активными видами спорта (горнолыжный спорт, скалолазание и т.д.); Поток света в таких очках делится, поэтому пропускная способность у них ниже, чем у антибликовых; Поляризационные очки спасают от ослепления солнечным светом, поскольку компенсируют чрезмерную интенсивность УФ лучей; Аналогично снимают напряжение глаз. Выводы Антибликовые очки – оптика с дополнительным покрытием на линзе, которое увеличивает их прозрачность и способность пропускать свет. Они устраняют блики от фар и других источников света. Как результат: улучшается острота зрения и контрастность картинки. Отличный выбор для водителей. Поляризационные очки – очки, в которых используются линзы из специального материала, которые устраняют блики, возникающие при отражении света от поверхности. Эти очки буквально спасают от ослепления бликами мокрого асфальта или воды в солнечный день, так как они не пропускают лучи, отраженные от горизонтальной поверхности. Идеальны для любителей активного отдыха и спорта. Ну что, вам уже захотелось приобрести пару таких очков?",
      "owner": null
    }
  },
  {
    "model": "blog.blog",
    "pk": 3,
    "fields": {
      "title": "Слезоточивость на морозе. Норма?",
      "slug": "slezotochivost-na-moroze-norma",
      "image": "products/images-1.jpg",
      "created_at": "2024-12-23T19:36:33.456Z",
      "update_at": "2025-01-01T18:50:16.294Z",
      "is_published": true,
      "views_counter": 12,
      "content": "Зима — пора белоснежных сугробов, бодрящего мороза и новогоднего настроения. А для многих — еще и пора слезящихся глаз. Почему организм так реагирует на температурные изменения? Нормально ли это? Разберемся в причинах этого явления. Почему слезятся глаза? Предпосылок для частого «плача» зимой на самом деле не так много. 1 причина — пробки в носослезном канале. Посмотрим на строение «слезной» системы. Если говорить простым языком, то этот аппарат состоит из двух частей: Производство слезы (слезная железа); Перемещение слезы (выводные протоки, слезные канальцы, слезный мешок и носослезный канал). Если с производством слез зимой проблем, как правило, не возникает, то на этапе их передвижения могут возникнуть затруднения. Морозная погода вызывает сужение слезных каналов и провоцирует их спазм. Более того, холод может стать причиной так называемых пробок в этих каналах. Слезы копятся, «дамба» рушится — и накопившиеся слезы вырываются из глаз и драматично стекают по вашим щекам. 2 причина — аллергия. У большого количества людей есть аллергия на мороз. Да-да, и такая существует. Аллергикам не повезло мириться с раздражением глаз, слезоточивостью и зудом только по той причине, что их аллергеном выступают, например, не коты или цитрусовые, которых легко избежать, а мороз, от которого скрыться уже не так просто. 3 причина — повышенная чувствительность к свету. Многие из нас ощущали эту болезненную резь в глазах, когда выходишь из темного помещения в солнечный зимний день. Причиной тому служит цвет снега. Белый цвет лучше всего отражает свет, и мы вынуждены бороться не только с прямым воздействием ультрафиолета, но и с его отражением. Опасна ли повышенная слезоточивость? Удивительно, но постоянные слезы на морозе, которые мы привыкли считать нормой, на самом деле не такие уж и безобидные. Постоянные слезы создают дискомфорт, временно ухудшают способность ясно видеть, раздражают кожу, повышают риск развития гнойных и воспалительных заболеваний глаз и окружающих органов. Если после того, как вы вошли в теплое помещение, слезы продолжают неконтролируемо течь, есть повод запланировать визит к офтальмологу — это может быть признаком серьезных глазных заболеваний. Как помочь своим глазам на морозе? Солнцезащитные очки Их необходимость не исчезает с наступлением зимы, а увеличивается из-за пагубной способности снега отражать солнечные лучи и делать их вдвое ярче и опаснее. Искусственная слеза Это необычное название для самых обыкновенных капель, которые помогают дополнительно увлажнить глаз в ветреную погоду. Еда и витамины Разнообразьте свой рацион продуктами, полезными для глаз: морковью, морской рыбой, черникой, орехами. Гигиена Чтобы не вызывать раздражение и не заносить грязь в глаза, правильно вытирайте слезы: промакивайте веко от наружного края к носу и вверх. Самопроверка Для того, чтобы понять, обычные ли это слезы от мороза или все же есть какие-то проблемы, стоит ответить на два вопроса: Слезится один глаз или оба? Непрошенные слезы появляются постоянно или только в холодную погоду? Если слезы постоянные или слезится только один глаз, то следует незамедлительно провериться у офтальмолога.",
      "owner": null
    }
  },
  {
    "model": "users.user",
    "pk": 1,
    "fields": {
      "password": "pbkdf2_sha256$870000$jIu2z66zhnK2VWa8tLFtVe$CalnFO4M9tB/sjqHYWRD4lPDdUKA/6UPbsep0cuMgKk=",
      "last_login": null,
      "is_superuser": true,
      "username": "",
      "first_name": "",
      "last_name": "",
      "email": "dtoropov@yandex.ru",
      "is_staff": true,
      "is_active": true,
      "date_joined": "2024-12-13T19:29:32.487Z",
      "tg_chat_id": null,
      "avatar": "",
      "image": "",
      "is_medic": false,
      "profession": null,
      "phone": "1",
      "token": null,
      "groups": [],
      "user_permissions": []
    }
  },
  {
    "model": "users.user",
    "pk": 3,
    "fields": {
      "password": "pbkdf2_sha256$870000$EZ0woM2VDXLm7hzg0Q0WVH$uA125AUFwpu9HakbwJ0sA3jzK1mbO7k/q9LAjpWK5pU=",
      "last_login": "2025-01-08T17:42:56.369Z",
      "is_superuser": true,
      "username": "negoro",
      "first_name": "Даниил",
      "last_name": "Торопов",
      "email": "dtoropov@yandex.ru",
      "is_staff": true,
      "is_active": true,
      "date_joined": "2024-12-13T19:37:40.299Z",
      "tg_chat_id": null,
      "avatar": "",
      "image": "",
      "is_medic": false,
      "profession": null,
      "phone": "+79203201146",
      "token": null,
      "groups": [],
      "user_permissions": []
    }
  },
  {
    "model": "users.user",
    "pk": 4,
    "fields": {
      "password": "pbkdf2_sha256$870000$e9TEbUptjDZJyQvnESFX1K$dZ3VeQr4xb8Xg8eE/rOEoS2yDhIlo5H+dyFAVJNnycs=",
      "last_login": null,
      "is_superuser": false,
      "username": "ИвановаА",
      "first_name": "Анжела",
      "last_name": "Иванова",
      "email": "",
      "is_staff": false,
      "is_active": true,
      "date_joined": "2024-12-25T19:09:18Z",
      "tg_chat_id": null,
      "avatar": "",
      "image": "users/acabextm4svcwxh27h8y1k0fwa0uge6f.jpg",
      "is_medic": true,
      "profession": "Врач-офтальмолог",
      "phone": "1",
      "token": null,
      "groups": [],
      "user_permissions": []
    }
  },
  {
    "model": "users.user",
    "pk": 5,
    "fields": {
      "password": "pbkdf2_sha256$870000$IJpscwtFiOiMA2PqEvnwvz$vNECG7kIKPTgrQZ11v8FB3s6xuw9+5FIVspvhXZt6mE=",
      "last_login": null,
      "is_superuser": false,
      "username": "ПетроваЖ",
      "first_name": "Жанна",
      "last_name": "Петрова",
      "email": "",
      "is_staff": false,
      "is_active": true,
      "date_joined": "2024-12-25T19:11:55Z",
      "tg_chat_id": null,
      "avatar": "",
      "image": "users/111.jpg",
      "is_medic": true,
      "profession": "Оптометрист",
      "phone": "1",
      "token": null,
      "groups": [],
      "user_permissions": []
    }
  },
  {
    "model": "users.user",
    "pk": 6,
    "fields": {
      "password": "pbkdf2_sha256$870000$F6AuQ4Z7rlljMjK09EQoIl$t4qZG62MsI5F8QcF5xbG3sAnj2pa6Fzbsbydl1XGBaQ=",
      "last_login": "2025-01-04T18:09:30.287Z",
      "is_superuser": false,
      "username": "test",
      "first_name": "1",
      "last_name": "2",
      "email": "dtoropov@yandex.ru",
      "is_staff": false,
      "is_active": true,
      "date_joined": "2025-01-03T20:17:30.334Z",
      "tg_chat_id": null,
      "avatar": "",
      "image": "",
      "is_medic": false,
      "profession": null,
      "phone": "+79203201146",
      "token": "430a8689a4275203e015ca30e767e539",
      "groups": [],
      "user_permissions": []
    }
  },
  {
    "model": "users.user",
    "pk": 7,
    "fields": {
      "password": "pbkdf2_sha256$870000$rVv5Ief3WPk96UXfxC5ZaG$W4zDrb61vmfjD9SG/KjFXLBAWoL6+yaOMxjwftf6zB8=",
      "last_login": null,
      "is_superuser": false,
      "username": "test_new",
      "first_name": "1",
      "last_name": "2",
      "email": "dtoropov@yandex.ru",
      "is_staff": false,
      "is_active": false,
      "date_joined": "2025-01-03T20:25:02.108Z",
      "tg_chat_id": null,
      "avatar": "",
      "image": "",
      "is_medic": false,
      "profession": null,
      "phone": "+79203201146",
      "token": "87cf4842d659bbee541f3a3b52fa6414",
      "groups": [],
      "user_permissions": []
    }
  },
  {
    "model": "tunes.feedback",
    "pk": 1,
    "fields": {
      "name": "Юля Тихонова",
      "phone": null,
      "message": "Отличная оптика! Всем рекомендую. Прекрасная консультация и адекватные цены, по своему опыту, скажу: лучшая оптика в городе!",
      "created_at": "2024-12-15T19:05:02.976Z",
      "is_read": true,
      "is_published": true
    }
  },
  {
    "model": "tunes.feedback",
    "pk": 2,
    "fields": {
      "name": "Екатерина Машутова",
      "phone": null,
      "message": "В первый раз была в этой Оптики и осталась довольна. Девушка которая там работает помогла с выбором очков и все подробно рассказала.Большое спасибо мастеру который делает очки, он сделал все быстро))) Советую эту Оптику!",
      "created_at": "2024-12-15T19:05:40.946Z",
      "is_read": true,
      "is_published": true
    }
  },
  {
    "model": "tunes.feedback",
    "pk": 3,
    "fields": {
      "name": "Владимир Г.",
      "phone": null,
      "message": "Обратился за помощью в Оптика Сити.\r\nМенеджер оказалась очень приветлива, помогла с выбором очков.\r\nОстался очень доволен, буду обращаться только сюда.\r\nВсем рекомендую, останетесь очень довольны.",
      "created_at": "2024-12-15T19:06:03.808Z",
      "is_read": true,
      "is_published": true
    }
  },
  {
    "model": "tunes.feedback",
    "pk": 4,
    "fields": {
      "name": "Галина Ильичева",
      "phone": null,
      "message": "Замечательное и очень приятное обслуживание, профессиональный подбор оправы и хорошие советы по подбору солнечных очков. Большое спасибо .",
      "created_at": "2024-12-15T19:06:30.173Z",
      "is_read": true,
      "is_published": true
    }
  },
  {
    "model": "tunes.feedback",
    "pk": 5,
    "fields": {
      "name": "Ольга Елисеева",
      "phone": null,
      "message": "Всё сделано на высшем уровне! Цены приятные. Выбор оправ хороший, на любой кошелек.\r\nПриятные бонусы в подарок- салфетка для протирки очков и мешочек - порадовали. Приветливое общение, подробно разъяснили всё, что интересовало. Вообще впечатление осталось очень позитивное. Теперь буду обращаться только сюда!)",
      "created_at": "2024-12-15T19:06:59.217Z",
      "is_read": true,
      "is_published": true
    }
  },
  {
    "model": "tunes.feedback",
    "pk": 7,
    "fields": {
      "name": "Sam",
      "phone": "+79889898",
      "message": "sssss",
      "created_at": "2024-12-15T20:53:33.937Z",
      "is_read": false,
      "is_published": false
    }
  },
  {
    "model": "tunes.feedback",
    "pk": 8,
    "fields": {
      "name": "sss",
      "phone": "sdsad",
      "message": "dsasdsdas",
      "created_at": "2025-01-05T21:41:45.161Z",
      "is_read": false,
      "is_published": false
    }
  },
  {
    "model": "tunes.quote",
    "pk": 1,
    "fields": {
      "name": "Директор НИЦ офтальмологии РНИМУ им. Н.И. Пирогова, академик РАН Христо Тахчиди",
      "quote": "Древний человек, в основном он жил и работал в природе. В первую очередь он должен был защитить себя, а значит, увидеть опасность как можно быстрее и как можно дальше. Эффективно находить пищу на расстоянии. По законам эволюции выживали те, у кого было хорошее зрение вдаль и при этом глаз не напрягался. Поэтому глаз при взгляде в даль как бы отдыхает, он не напряжен. Он напрягается при взгляде вблизи. И вот это напряжение дает перегрузку глазу. Современный человек практически на даль не работает, до 90% зрения им используется вблизи: это письмо, чтение, гаджеты, мелкая работа, ограниченные пространства и т.д. В результате сегодня катастрофически растут аномалии рефракции глаза — близорукость, дальнозоркость, астигматизм — это всё от ненормального развития глаза из-за перегрузки.",
      "is_published": true
    }
  },
  {
    "model": "tunes.quote",
    "pk": 2,
    "fields": {
      "name": "Основатель МНТК С.Н. Федоров",
      "quote": "Посмотрите, люди, как прекрасна жизнь, природа, Земля! Можно жить сто и тысячи лет, и каждый день не переставать удивляться восходу и закату солнца, пению птиц, краскам лесного озера, вкусному обеду, хорошему умному слову... Нет, самое замечательное, что у нас есть – это жизнь! Жаль, что она быстротечна. Обидно, что наука и медицина пока не в силах тут ничего изменить. Вот за это и надо бороться врачам! Всеми силами ума, таланта, души. Моя самая заветная мечта – задержать старение людей и начать... с глаза. Я хочу хотя бы начать, получить какие-то первые результаты, а дальше дело пойдет",
      "is_published": true
    }
  },
  {
    "model": "tunes.quote",
    "pk": 3,
    "fields": {
      "name": "Народное творчество",
      "quote": "И один глаз — да зорок, не надо и со́рок...",
      "is_published": true
    }
  },
  {
    "model": "tunes.tunesdict",
    "pk": 1,
    "fields": {
      "key": "begin_time",
      "value_int": null,
      "value_char": null,
      "value_time": "11:00:00",
      "value_date": null
    }
  }
]